loss;accuracy;val_loss;val_accuracy
0.6634531617164612;0.6680923700332642;0.643194317817688;0.7474402785301208
0.6529921889305115;0.688622772693634;0.6386585235595703;0.7474402785301208
0.6526467800140381;0.6971770524978638;0.6341472268104553;0.7474402785301208
0.6418334245681763;0.7065868377685547;0.6297279000282288;0.7474402785301208
0.6374295353889465;0.7040205597877502;0.6254544258117676;0.7508532404899597
0.63983553647995;0.6903336048126221;0.6212764978408813;0.7508532404899597
0.6414937973022461;0.6963216662406921;0.6172631978988647;0.7542662024497986
0.6215147972106934;0.7271171808242798;0.6132588386535645;0.7508532404899597
0.6255659461021423;0.701454222202301;0.6092026829719543;0.7508532404899597
0.6306490898132324;0.6920444965362549;0.6054368019104004;0.7508532404899597
0.6139299273490906;0.7271171808242798;0.6015279293060303;0.7508532404899597
0.6174862384796143;0.7245509028434753;0.5977733731269836;0.7508532404899597
0.5988249778747559;0.7459366917610168;0.5940588712692261;0.7542662024497986
0.608999490737915;0.742514967918396;0.5904470086097717;0.7542662024497986
0.6038256883621216;0.7331052422523499;0.5868948698043823;0.7508532404899597
0.5967265367507935;0.7459366917610168;0.5833752155303955;0.7508532404899597
0.5991924405097961;0.7433704137802124;0.5797246098518372;0.7508532404899597
0.6006103754043579;0.7382377982139587;0.5763754844665527;0.7508532404899597
0.5911747217178345;0.7416595220565796;0.573053240776062;0.7508532404899597
0.5876591801643372;0.7433704137802124;0.5696138739585876;0.7542662024497986
0.5954986810684204;0.7450812458992004;0.5662963390350342;0.7542662024497986
0.5951608419418335;0.7288280725479126;0.5629716515541077;0.7542662024497986
0.5833871364593506;0.7485029697418213;0.5596436262130737;0.7542662024497986
0.5793043375015259;0.7639007568359375;0.5565203428268433;0.7542662024497986
0.5836365222930908;0.7467921376228333;0.5534085631370544;0.7542662024497986
0.5705462694168091;0.7519246935844421;0.5503559708595276;0.7576791644096375
0.5629932284355164;0.7767322659492493;0.5472912788391113;0.7610921263694763
0.5686131715774536;0.7690333724021912;0.5444093942642212;0.7610921263694763
0.5760290026664734;0.7442258596420288;0.5416790843009949;0.7610921263694763
0.5669237971305847;0.7570573091506958;0.5388570427894592;0.7610921263694763
0.5607402920722961;0.7527801394462585;0.5360851883888245;0.7610921263694763
0.549170732498169;0.7792985439300537;0.5334327816963196;0.7610921263694763
0.5593200922012329;0.7715996503829956;0.5307710766792297;0.7610921263694763
0.5469297766685486;0.7656116485595703;0.5281600952148438;0.76450514793396
0.5517250299453735;0.7758768200874329;0.5256381630897522;0.76450514793396
0.5501993298530579;0.7827202677726746;0.5232234597206116;0.76450514793396
0.5370239615440369;0.7810094356536865;0.5207346677780151;0.76450514793396
0.5399907231330872;0.7715996503829956;0.5182995200157166;0.7679181098937988
0.532718300819397;0.7784430980682373;0.5158926844596863;0.76450514793396
0.5351917743682861;0.7698888182640076;0.5135290026664734;0.7679181098937988
0.5345519781112671;0.7775876522064209;0.5111411213874817;0.7679181098937988
0.5288556218147278;0.7690333724021912;0.5087448358535767;0.7679181098937988
0.5385382175445557;0.7664670944213867;0.506479024887085;0.7679181098937988
0.523864209651947;0.7707442045211792;0.5042685270309448;0.7679181098937988
0.5266939401626587;0.7775876522064209;0.5020173788070679;0.7679181098937988
0.5287370085716248;0.7810094356536865;0.49983102083206177;0.7679181098937988
0.5324313044548035;0.7758768200874329;0.4977167546749115;0.7713310718536377
0.5313851833343506;0.7784430980682373;0.495537668466568;0.7713310718536377
0.5294561386108398;0.7818648219108582;0.4934345483779907;0.7713310718536377
0.5220547318458557;0.7818648219108582;0.4913415014743805;0.7713310718536377
0.5205451846122742;0.783575713634491;0.4892347455024719;0.7713310718536377
0.5165164470672607;0.783575713634491;0.4871900677680969;0.7713310718536377
0.5085402727127075;0.7869974374771118;0.4851917326450348;0.7713310718536377
0.5059887766838074;0.7801539897918701;0.48318424820899963;0.7713310718536377
0.5001736283302307;0.796407163143158;0.4811503291130066;0.7713310718536377
0.5025249719619751;0.7981180548667908;0.479257732629776;0.7747440338134766
0.5021222233772278;0.8066723942756653;0.4772966802120209;0.7747440338134766
0.5119678378105164;0.7784430980682373;0.47549793124198914;0.7747440338134766
0.4977412223815918;0.8032506704330444;0.4735786020755768;0.7781569957733154
0.49863117933273315;0.7895637154579163;0.47165921330451965;0.7849829196929932
0.49900302290916443;0.8075277805328369;0.46980020403862;0.7849829196929932
0.491926908493042;0.8032506704330444;0.46789416670799255;0.7918089032173157
0.49031734466552734;0.8058169484138489;0.466035395860672;0.8020477890968323
0.49171701073646545;0.8032506704330444;0.4642241299152374;0.8020477890968323
0.49243268370628357;0.7998288869857788;0.4624226689338684;0.80887371301651
0.49002400040626526;0.8015397787094116;0.46062716841697693;0.8191125988960266
0.47861039638519287;0.8195038437843323;0.45879215002059937;0.8259385824203491
0.4754910171031952;0.8212147355079651;0.4570460319519043;0.8327645063400269
0.47808197140693665;0.8229255676269531;0.4553132951259613;0.8327645063400269
0.4837711751461029;0.802395224571228;0.4536544680595398;0.8395904302597046
0.48413994908332825;0.7998288869857788;0.4519938826560974;0.8430033922195435
0.473476380109787;0.8143712282180786;0.4504214823246002;0.8464163541793823
0.46394121646881104;0.8229255676269531;0.44874516129493713;0.849829375743866
0.4814797341823578;0.8006843328475952;0.4471427798271179;0.849829375743866
0.4669116735458374;0.832335352897644;0.4454958140850067;0.849829375743866
0.4663138687610626;0.8237810134887695;0.44395920634269714;0.8566552996635437
0.46711620688438416;0.8169375658035278;0.44236740469932556;0.8566552996635437
0.46506983041763306;0.8254918456077576;0.440746933221817;0.8532423377037048
0.45796510577201843;0.8314799070358276;0.43921664357185364;0.8566552996635437
0.4642748534679413;0.8177930116653442;0.4376276433467865;0.8566552996635437
0.46220630407333374;0.8143712282180786;0.43613895773887634;0.849829375743866
0.4575928747653961;0.8118049502372742;0.4345815181732178;0.849829375743866
0.4642581343650818;0.7998288869857788;0.4331020414829254;0.8532423377037048
0.4554430842399597;0.8254918456077576;0.4315745234489441;0.8532423377037048
0.4580528140068054;0.843455970287323;0.4299885034561157;0.8566552996635437
0.4581905007362366;0.8203592896461487;0.42850634455680847;0.8566552996635437
0.4509523808956146;0.8237810134887695;0.4270804226398468;0.8566552996635437
0.44626468420028687;0.8272027373313904;0.4256422221660614;0.8600682616233826
0.4564930498600006;0.8092386722564697;0.4242286682128906;0.8566552996635437
0.4467238783836365;0.8237810134887695;0.4228080213069916;0.8566552996635437
0.45365869998931885;0.8160821199417114;0.42143502831459045;0.8600682616233826
0.4455494284629822;0.8374679088592529;0.4200856387615204;0.8634812235832214
0.4488753080368042;0.8280581831932068;0.41870784759521484;0.8634812235832214
0.44196680188179016;0.8306244611740112;0.4174024760723114;0.8634812235832214
0.4439708888530731;0.8391788005828857;0.4160628914833069;0.8634812235832214
0.443278968334198;0.8306244611740112;0.4147385060787201;0.8668941855430603
0.4461948871612549;0.8229255676269531;0.4135044813156128;0.8703071475028992
0.43440335988998413;0.8520102500915527;0.4122227132320404;0.8771331310272217
0.4360805153846741;0.8408896327018738;0.4109126925468445;0.8771331310272217
0.43116652965545654;0.8331907391548157;0.40965715050697327;0.8805460929870605
0.4407230615615845;0.8297690153121948;0.40838027000427246;0.8805460929870605
0.42957061529159546;0.8374679088592529;0.4070599675178528;0.8805460929870605
0.43176203966140747;0.8349016308784485;0.4057873487472534;0.8805460929870605
0.43599241971969604;0.8280581831932068;0.4045259356498718;0.8805460929870605
0.4288240969181061;0.8391788005828857;0.4033704698085785;0.8839590549468994
0.43002331256866455;0.826347291469574;0.40223872661590576;0.8839590549468994
0.43257996439933777;0.8272027373313904;0.4010747969150543;0.8839590549468994
0.4181380569934845;0.8443113565444946;0.39986270666122437;0.8805460929870605
0.4193173050880432;0.8468776941299438;0.39862707257270813;0.8805460929870605
0.4221968948841095;0.8383233547210693;0.3973868191242218;0.8805460929870605
0.4248933792114258;0.8297690153121948;0.3961947560310364;0.8839590549468994
0.41646531224250793;0.8426005244255066;0.39503902196884155;0.8839590549468994
0.4244614839553833;0.8306244611740112;0.39386361837387085;0.8873720169067383
0.42101892828941345;0.8297690153121948;0.39276382327079773;0.8907849788665771
0.4204230308532715;0.8408896327018738;0.39169424772262573;0.8907849788665771
0.41772788763046265;0.8357570767402649;0.39059892296791077;0.8907849788665771
0.41231805086135864;0.8357570767402649;0.38950708508491516;0.8907849788665771
0.40595847368240356;0.8443113565444946;0.38843834400177;0.8907849788665771
0.40946856141090393;0.8306244611740112;0.3873228132724762;0.8907849788665771
0.42426761984825134;0.826347291469574;0.38627806305885315;0.8907849788665771
0.4091445803642273;0.8477330803871155;0.3852485120296478;0.8907849788665771
0.41220822930336;0.8417450785636902;0.3842204809188843;0.8907849788665771
0.4123084247112274;0.8391788005828857;0.3832230865955353;0.8907849788665771
0.4146031439304352;0.8366124629974365;0.38223931193351746;0.8907849788665771
0.4101450443267822;0.845166802406311;0.3812253773212433;0.8873720169067383
0.40586358308792114;0.8443113565444946;0.38015255331993103;0.8873720169067383
0.4024517238140106;0.8460222482681274;0.37910714745521545;0.8873720169067383
0.4118202030658722;0.8383233547210693;0.37811279296875;0.8873720169067383
0.39957988262176514;0.8597091436386108;0.377076655626297;0.8873720169067383
0.40516969561576843;0.8357570767402649;0.3761504888534546;0.8873720169067383
0.39909714460372925;0.8477330803871155;0.37515804171562195;0.8873720169067383
0.39920687675476074;0.8485885262489319;0.37418079376220703;0.8873720169067383
0.40755048394203186;0.8366124629974365;0.373269647359848;0.8873720169067383
0.3931768238544464;0.854576587677002;0.372283399105072;0.8873720169067383
0.3994133770465851;0.8426005244255066;0.37131616473197937;0.8839590549468994
0.3969922363758087;0.8468776941299438;0.370356023311615;0.8839590549468994
0.39860570430755615;0.845166802406311;0.3694465458393097;0.8839590549468994
0.39269933104515076;0.8443113565444946;0.36855366826057434;0.8839590549468994
0.3888455629348755;0.8614200353622437;0.36762210726737976;0.8839590549468994
0.3951164484024048;0.8400342464447021;0.3667176067829132;0.8839590549468994
0.3922656178474426;0.8485885262489319;0.3658245801925659;0.8839590549468994
0.40049687027931213;0.8571428656578064;0.3649289011955261;0.8839590549468994
0.38749271631240845;0.8502994179725647;0.3641071617603302;0.8839590549468994
0.38729235529899597;0.8528656959533691;0.3632175028324127;0.8839590549468994
0.38885971903800964;0.8511548042297363;0.36233386397361755;0.8839590549468994
0.3857538402080536;0.8597091436386108;0.3614467978477478;0.8839590549468994
0.3876463770866394;0.8554319739341736;0.36058321595191956;0.8839590549468994
0.3898475468158722;0.854576587677002;0.35980644822120667;0.8839590549468994
0.379159539937973;0.8605645895004272;0.35893523693084717;0.8839590549468994
0.38208016753196716;0.8588536977767944;0.35805562138557434;0.8839590549468994
0.3827947676181793;0.8511548042297363;0.3572515547275543;0.8839590549468994
0.37608546018600464;0.8605645895004272;0.35642388463020325;0.8873720169067383
0.39546623826026917;0.8460222482681274;0.3556775748729706;0.8873720169067383
0.3804165720939636;0.845166802406311;0.35487979650497437;0.8873720169067383
0.3860890567302704;0.8520102500915527;0.35415902733802795;0.8873720169067383
0.3861110210418701;0.8511548042297363;0.35336944460868835;0.8873720169067383
0.37629473209381104;0.8571428656578064;0.35256481170654297;0.8873720169067383
0.37735122442245483;0.8605645895004272;0.35175272822380066;0.8873720169067383
0.37099412083625793;0.8639863133430481;0.35098278522491455;0.8873720169067383
0.37075668573379517;0.8571428656578064;0.3502415418624878;0.8907849788665771
0.3662054240703583;0.85628741979599;0.3494592010974884;0.8907849788665771
0.36958739161491394;0.8528656959533691;0.34869518876075745;0.8907849788665771
0.37229374051094055;0.8579983115196228;0.34795501828193665;0.8907849788665771
0.36934399604797363;0.8588536977767944;0.347192645072937;0.8907849788665771
0.3679886758327484;0.8588536977767944;0.3464428186416626;0.8907849788665771
0.3714507520198822;0.8665525913238525;0.3456919491291046;0.8873720169067383
0.37558743357658386;0.8485885262489319;0.3449871242046356;0.8907849788665771
0.37061840295791626;0.8614200353622437;0.3443138897418976;0.8907849788665771
0.3703058660030365;0.8665525913238525;0.34362247586250305;0.8907849788665771
0.3616247773170471;0.8708297610282898;0.3428772985935211;0.8873720169067383
0.35508736968040466;0.8682634830474854;0.34216541051864624;0.8907849788665771
0.36267679929733276;0.8708297610282898;0.3414509892463684;0.8907849788665771
0.36633795499801636;0.8708297610282898;0.3407876193523407;0.8907849788665771
0.36504530906677246;0.8579983115196228;0.3400636315345764;0.8907849788665771
0.3736131191253662;0.8597091436386108;0.33941975235939026;0.8873720169067383
0.35472655296325684;0.8682634830474854;0.33879223465919495;0.8873720169067383
0.3659878671169281;0.854576587677002;0.33810853958129883;0.8873720169067383
0.37156349420547485;0.8528656959533691;0.33753153681755066;0.8873720169067383
0.3605949580669403;0.854576587677002;0.33692842721939087;0.8873720169067383
0.36861395835876465;0.8477330803871155;0.33629918098449707;0.8873720169067383
0.35005396604537964;0.8708297610282898;0.3356339633464813;0.8873720169067383
0.36000925302505493;0.8622754216194153;0.33502423763275146;0.8873720169067383
0.3563205897808075;0.8665525913238525;0.33437487483024597;0.8873720169067383
0.3552619218826294;0.8597091436386108;0.33375027775764465;0.8873720169067383
0.37060263752937317;0.8494439721107483;0.3331557810306549;0.8873720169067383
0.3595770299434662;0.8502994179725647;0.33252644538879395;0.8873720169067383
0.3627810776233673;0.8639863133430481;0.33192822337150574;0.8873720169067383
0.3551866114139557;0.8614200353622437;0.33136430382728577;0.8873720169067383
0.3514727056026459;0.8725406527519226;0.3307304382324219;0.8873720169067383
0.3508082628250122;0.8631308674812317;0.3301086127758026;0.8873720169067383
0.34048405289649963;0.8810949325561523;0.32948926091194153;0.8873720169067383
0.3524435758590698;0.8579983115196228;0.3288949131965637;0.8873720169067383
0.3472498059272766;0.8614200353622437;0.32835492491722107;0.8873720169067383
0.3467917740345001;0.8665525913238525;0.3277536630630493;0.8873720169067383
0.34943610429763794;0.8691189289093018;0.3270634412765503;0.8873720169067383
0.34391433000564575;0.8699743151664734;0.3264992833137512;0.8873720169067383
0.33971378207206726;0.8691189289093018;0.3259185254573822;0.8873720169067383
0.34085318446159363;0.8648417592048645;0.3253486156463623;0.8873720169067383
0.3415626287460327;0.8639863133430481;0.32475122809410095;0.8873720169067383
0.34272199869155884;0.8554319739341736;0.3241855204105377;0.8873720169067383
0.3512503504753113;0.8494439721107483;0.3236631751060486;0.8873720169067383
0.3413597345352173;0.8733960390090942;0.3230588138103485;0.8873720169067383
0.3474467992782593;0.8622754216194153;0.3224850296974182;0.8873720169067383
0.3384305536746979;0.867408037185669;0.32195547223091125;0.8873720169067383
0.3376733064651489;0.8656972050666809;0.32136860489845276;0.8873720169067383
0.34818726778030396;0.8614200353622437;0.3208855986595154;0.8873720169067383
0.33033162355422974;0.8716852068901062;0.32036057114601135;0.8873720169067383
0.34186235070228577;0.8725406527519226;0.3198261260986328;0.8873720169067383
0.3359188735485077;0.8665525913238525;0.319272518157959;0.8873720169067383
0.34197109937667847;0.8579983115196228;0.31878960132598877;0.8873720169067383
0.3324277400970459;0.8716852068901062;0.31822991371154785;0.8873720169067383
0.343492329120636;0.867408037185669;0.31771183013916016;0.8873720169067383
0.3328002095222473;0.8733960390090942;0.3172152042388916;0.8873720169067383
0.33914026618003845;0.8639863133430481;0.3167790472507477;0.8873720169067383
0.3366881310939789;0.867408037185669;0.31629058718681335;0.8873720169067383
0.33169814944267273;0.8725406527519226;0.31578901410102844;0.8873720169067383
0.3332226276397705;0.8810949325561523;0.31534692645072937;0.8873720169067383
0.33040735125541687;0.867408037185669;0.3148787021636963;0.8873720169067383
0.33771562576293945;0.8665525913238525;0.3144674599170685;0.8873720169067383
0.3317875862121582;0.85628741979599;0.31403493881225586;0.8873720169067383
0.3332871198654175;0.8665525913238525;0.3136101961135864;0.8873720169067383
0.3302883803844452;0.8631308674812317;0.3131781816482544;0.8873720169067383
0.32427462935447693;0.8648417592048645;0.31276845932006836;0.8873720169067383
0.3171752691268921;0.8708297610282898;0.31234559416770935;0.8873720169067383
0.327353298664093;0.8597091436386108;0.31191742420196533;0.8873720169067383
0.3254297375679016;0.8648417592048645;0.31151464581489563;0.8873720169067383
0.3267247676849365;0.8691189289093018;0.3110879957675934;0.8873720169067383
0.33450937271118164;0.8588536977767944;0.3107369840145111;0.8873720169067383
0.3287907838821411;0.8708297610282898;0.3103521764278412;0.8873720169067383
0.32029959559440613;0.8699743151664734;0.30998122692108154;0.8873720169067383
0.3259395956993103;0.8648417592048645;0.30957213044166565;0.8873720169067383
0.3198312222957611;0.8682634830474854;0.30916887521743774;0.8873720169067383
0.3278377652168274;0.8742514848709106;0.3087815046310425;0.8873720169067383
0.32074543833732605;0.867408037185669;0.30838942527770996;0.8873720169067383
0.3277181088924408;0.8597091436386108;0.30803588032722473;0.8873720169067383
0.3315361738204956;0.8485885262489319;0.3077208399772644;0.8873720169067383
0.31700852513313293;0.8708297610282898;0.3073679506778717;0.8873720169067383
0.3206107020378113;0.8648417592048645;0.30701425671577454;0.8873720169067383
0.3350801169872284;0.8622754216194153;0.3066520690917969;0.8873720169067383
0.31737181544303894;0.875106930732727;0.3063051700592041;0.8873720169067383
0.3310832977294922;0.8622754216194153;0.30596667528152466;0.8873720169067383
0.3280119001865387;0.8579983115196228;0.3055895268917084;0.8873720169067383
0.3233043849468231;0.8708297610282898;0.3052913248538971;0.8873720169067383
0.3182620406150818;0.8691189289093018;0.3049350678920746;0.8873720169067383
0.31190750002861023;0.8733960390090942;0.30453425645828247;0.8873720169067383
0.3139322102069855;0.8605645895004272;0.3041881322860718;0.8873720169067383
0.31865495443344116;0.8716852068901062;0.303876131772995;0.8873720169067383
0.3105417490005493;0.867408037185669;0.3034992814064026;0.8873720169067383
0.323962926864624;0.8682634830474854;0.3031497001647949;0.8873720169067383
0.31408461928367615;0.8631308674812317;0.3028426468372345;0.8873720169067383
0.3162694275379181;0.8631308674812317;0.3025796115398407;0.8839590549468994
0.3226175606250763;0.85628741979599;0.3023088872432709;0.8873720169067383
0.32323840260505676;0.8588536977767944;0.302040159702301;0.8839590549468994
0.32301947474479675;0.8605645895004272;0.3017556369304657;0.8839590549468994
0.32039207220077515;0.8682634830474854;0.3014654219150543;0.8839590549468994
0.3009365499019623;0.8716852068901062;0.30114755034446716;0.8839590549468994
0.31805160641670227;0.8656972050666809;0.3008068799972534;0.8839590549468994
0.31113433837890625;0.8691189289093018;0.30050128698349;0.8839590549468994
0.30728045105934143;0.8708297610282898;0.3001689314842224;0.8839590549468994
0.32267048954963684;0.8631308674812317;0.2998700737953186;0.8839590549468994
0.309371680021286;0.8682634830474854;0.29956066608428955;0.8839590549468994
0.3111983835697174;0.8810949325561523;0.2992211580276489;0.8839590549468994
0.32149237394332886;0.8614200353622437;0.2989678680896759;0.8839590549468994
0.3138484060764313;0.8691189289093018;0.2986520230770111;0.8839590549468994
0.30341652035713196;0.8845166563987732;0.29833105206489563;0.8839590549468994
0.30855461955070496;0.8631308674812317;0.2980515658855438;0.8839590549468994
0.30469411611557007;0.8699743151664734;0.2977774441242218;0.8839590549468994
0.3105132281780243;0.867408037185669;0.29751938581466675;0.8839590549468994
0.3142212927341461;0.8597091436386108;0.297343909740448;0.8839590549468994
0.31819143891334534;0.8699743151664734;0.29710420966148376;0.8839590549468994
0.31160178780555725;0.8588536977767944;0.29690852761268616;0.8839590549468994
0.31203320622444153;0.8682634830474854;0.2966591417789459;0.8839590549468994
0.3066736161708832;0.8691189289093018;0.29639676213264465;0.8839590549468994
0.2980090379714966;0.8716852068901062;0.2960836589336395;0.8839590549468994
0.3229634165763855;0.854576587677002;0.2958827018737793;0.8839590549468994
0.31027525663375854;0.8725406527519226;0.2956318259239197;0.8839590549468994
0.30629295110702515;0.8639863133430481;0.29540714621543884;0.8839590549468994
0.3108725845813751;0.8597091436386108;0.29523971676826477;0.8839590549468994
0.31521573662757874;0.8614200353622437;0.29499271512031555;0.8839590549468994
0.3049258291721344;0.8733960390090942;0.2947573661804199;0.8839590549468994
0.31627732515335083;0.8682634830474854;0.29450663924217224;0.8839590549468994
0.30670592188835144;0.8614200353622437;0.2943442165851593;0.8839590549468994
0.3119678199291229;0.8639863133430481;0.2941378653049469;0.8839590549468994
0.30104124546051025;0.8725406527519226;0.29393064975738525;0.8839590549468994
0.310884952545166;0.8733960390090942;0.2936491072177887;0.8839590549468994
0.306605726480484;0.8725406527519226;0.2934894263744354;0.8839590549468994
0.2984403073787689;0.875106930732727;0.293204665184021;0.8839590549468994
0.3043616712093353;0.8588536977767944;0.29296156764030457;0.8839590549468994
0.30347320437431335;0.8656972050666809;0.292726069688797;0.8839590549468994
0.3026182949542999;0.8708297610282898;0.2925097346305847;0.8839590549468994
0.3148649334907532;0.8639863133430481;0.2922782599925995;0.8839590549468994
0.3062705099582672;0.8708297610282898;0.2920772135257721;0.8839590549468994
0.3043019473552704;0.8716852068901062;0.2918737828731537;0.8805460929870605
0.29913392663002014;0.8639863133430481;0.29163527488708496;0.8805460929870605
0.30384132266044617;0.8691189289093018;0.29138481616973877;0.8805460929870605
0.31044211983680725;0.8631308674812317;0.2911913990974426;0.8839590549468994
0.3059045076370239;0.8614200353622437;0.2909706234931946;0.8805460929870605
0.30351173877716064;0.8656972050666809;0.29072776436805725;0.8839590549468994
0.29972076416015625;0.867408037185669;0.29052889347076416;0.8805460929870605
0.30355775356292725;0.8622754216194153;0.2903681993484497;0.8805460929870605
0.3084043264389038;0.8571428656578064;0.29016536474227905;0.8805460929870605
0.29918748140335083;0.8733960390090942;0.29002225399017334;0.8805460929870605
0.29110607504844666;0.8716852068901062;0.28977930545806885;0.8805460929870605
0.3175315260887146;0.8537211418151855;0.28964823484420776;0.8805460929870605
0.2952308654785156;0.8699743151664734;0.2894631028175354;0.8805460929870605
0.29934176802635193;0.8708297610282898;0.289334774017334;0.8805460929870605
0.29610157012939453;0.8733960390090942;0.2891494035720825;0.8805460929870605
0.2901684045791626;0.8699743151664734;0.28892388939857483;0.8805460929870605
0.3057815730571747;0.8716852068901062;0.2887442409992218;0.8805460929870605
0.29117509722709656;0.8639863133430481;0.288593590259552;0.8805460929870605
0.293203741312027;0.8742514848709106;0.2884121239185333;0.8805460929870605
0.3027001917362213;0.8716852068901062;0.2882848381996155;0.8805460929870605
0.29051610827445984;0.8725406527519226;0.28812798857688904;0.8805460929870605
0.30064448714256287;0.875106930732727;0.2880105674266815;0.8805460929870605
0.29599928855895996;0.8708297610282898;0.2878262996673584;0.8805460929870605
0.2882271707057953;0.8682634830474854;0.28767889738082886;0.8805460929870605
0.29171109199523926;0.8656972050666809;0.28754690289497375;0.8805460929870605
0.3034359812736511;0.8597091436386108;0.2874015271663666;0.8805460929870605
0.30660736560821533;0.8605645895004272;0.28728923201560974;0.8805460929870605
0.29586759209632874;0.8776732087135315;0.2871372401714325;0.8805460929870605
0.2879025936126709;0.8768178224563599;0.28695148229599;0.8805460929870605
0.28417935967445374;0.8768178224563599;0.28681907057762146;0.8805460929870605
0.2923802435398102;0.8579983115196228;0.2867107689380646;0.8805460929870605
0.28988972306251526;0.867408037185669;0.2865641117095947;0.8839590549468994
0.29523617029190063;0.8682634830474854;0.2864469885826111;0.8839590549468994
0.2860477864742279;0.8733960390090942;0.28630420565605164;0.8839590549468994
0.29098352789878845;0.8768178224563599;0.2861360013484955;0.8839590549468994
0.30235809087753296;0.8639863133430481;0.28598520159721375;0.8839590549468994
0.2803649306297302;0.8845166563987732;0.2858988046646118;0.8839590549468994
0.2878252863883972;0.8733960390090942;0.28576043248176575;0.8839590549468994
0.2967420816421509;0.8631308674812317;0.2856471836566925;0.8839590549468994
0.2905704379081726;0.8691189289093018;0.28549814224243164;0.8839590549468994
0.2977368235588074;0.8699743151664734;0.2853873670101166;0.8839590549468994
0.290160208940506;0.8810949325561523;0.28522026538848877;0.8839590549468994
0.2970482110977173;0.8725406527519226;0.2851198613643646;0.8839590549468994
0.2976798415184021;0.8716852068901062;0.2850039303302765;0.8805460929870605
0.2871575355529785;0.8716852068901062;0.28492045402526855;0.8805460929870605
0.29975152015686035;0.8665525913238525;0.28478386998176575;0.8805460929870605
0.2858486473560333;0.8691189289093018;0.2846551537513733;0.8805460929870605
0.28485673666000366;0.8648417592048645;0.2845417559146881;0.8805460929870605
0.28605058789253235;0.8759623765945435;0.2844037711620331;0.8805460929870605
0.28685060143470764;0.8725406527519226;0.2842273414134979;0.8805460929870605
0.2931561768054962;0.8665525913238525;0.2841286361217499;0.8805460929870605
0.2901735007762909;0.8759623765945435;0.2840229272842407;0.8805460929870605
0.2895413637161255;0.867408037185669;0.28395262360572815;0.8805460929870605
0.28606730699539185;0.8819503784179688;0.28386080265045166;0.8805460929870605
0.2858569324016571;0.8716852068901062;0.28374946117401123;0.8805460929870605
0.3018468916416168;0.8588536977767944;0.2836565375328064;0.8805460929870605
0.2958764433860779;0.8588536977767944;0.2835424542427063;0.8805460929870605
0.28312745690345764;0.8699743151664734;0.28347352147102356;0.8805460929870605
0.2922329008579254;0.8699743151664734;0.283378928899765;0.8805460929870605
0.28584057092666626;0.867408037185669;0.2832837700843811;0.8805460929870605
0.29447776079177856;0.8656972050666809;0.28321805596351624;0.8805460929870605
0.28805631399154663;0.8708297610282898;0.28311511874198914;0.8805460929870605
0.29185324907302856;0.8742514848709106;0.28302526473999023;0.8805460929870605
0.29444268345832825;0.8725406527519226;0.2829832136631012;0.8805460929870605
0.2954025864601135;0.8725406527519226;0.2828921973705292;0.8805460929870605
0.278816282749176;0.8793841004371643;0.2828214764595032;0.8805460929870605
0.28237661719322205;0.8716852068901062;0.2827257812023163;0.8805460929870605
0.2797912061214447;0.8853721022605896;0.2826175093650818;0.8805460929870605
0.28537818789482117;0.8725406527519226;0.28255200386047363;0.8805460929870605
0.27701258659362793;0.8819503784179688;0.282421350479126;0.8805460929870605
0.2764913737773895;0.8810949325561523;0.28227540850639343;0.8805460929870605
0.2956916391849518;0.8648417592048645;0.2821566164493561;0.8805460929870605
0.2987367808818817;0.8759623765945435;0.28210341930389404;0.8805460929870605
0.2811846435070038;0.8691189289093018;0.2820062041282654;0.8805460929870605
0.2780863642692566;0.8785286545753479;0.2819141745567322;0.8805460929870605
0.28445327281951904;0.8597091436386108;0.28184813261032104;0.8805460929870605
0.2701977491378784;0.8759623765945435;0.2817104756832123;0.8805460929870605
0.28129899501800537;0.8759623765945435;0.28161412477493286;0.8805460929870605
0.2852204144001007;0.8691189289093018;0.2815186381340027;0.8805460929870605
0.2761707305908203;0.8708297610282898;0.281427264213562;0.8805460929870605
0.29223155975341797;0.867408037185669;0.2813560962677002;0.8805460929870605
0.27877408266067505;0.8716852068901062;0.2812943756580353;0.8805460929870605
0.28629055619239807;0.8733960390090942;0.2812791168689728;0.8805460929870605
0.2832332253456116;0.8665525913238525;0.2812059819698334;0.8805460929870605
0.27797114849090576;0.8785286545753479;0.28109464049339294;0.8805460929870605
0.28605395555496216;0.854576587677002;0.28100278973579407;0.8805460929870605
0.2862117290496826;0.8699743151664734;0.28094276785850525;0.8805460929870605
0.27826371788978577;0.8776732087135315;0.2808178961277008;0.8805460929870605
0.2846056818962097;0.8793841004371643;0.280779093503952;0.8805460929870605
0.2830096483230591;0.8725406527519226;0.280699223279953;0.8805460929870605
0.275532066822052;0.8768178224563599;0.28063175082206726;0.8805460929870605
0.2841968238353729;0.875106930732727;0.2805313169956207;0.8805460929870605
0.2811337113380432;0.8802395462989807;0.2804183065891266;0.8805460929870605
0.2820487916469574;0.8793841004371643;0.2803429365158081;0.8805460929870605
0.2741064727306366;0.8733960390090942;0.28028813004493713;0.8805460929870605
0.27724817395210266;0.8742514848709106;0.28025612235069275;0.8771331310272217
0.2771759033203125;0.8810949325561523;0.2801547944545746;0.8771331310272217
0.285774827003479;0.8631308674812317;0.28010350465774536;0.8771331310272217
0.28831246495246887;0.8528656959533691;0.2800973057746887;0.8771331310272217
0.27985459566116333;0.8716852068901062;0.2800281047821045;0.8771331310272217
0.28506922721862793;0.867408037185669;0.2799626290798187;0.8771331310272217
0.2713819742202759;0.8819503784179688;0.27989286184310913;0.8771331310272217
0.2888553738594055;0.8605645895004272;0.27985844016075134;0.8771331310272217
0.27683669328689575;0.8793841004371643;0.27974677085876465;0.8771331310272217
0.27366647124290466;0.8810949325561523;0.27967140078544617;0.8771331310272217
0.273725301027298;0.867408037185669;0.2796372175216675;0.8771331310272217
0.2859053909778595;0.8605645895004272;0.27961593866348267;0.8771331310272217
0.2733103334903717;0.8708297610282898;0.27955207228660583;0.8771331310272217
0.2884785532951355;0.8614200353622437;0.2794695794582367;0.8771331310272217
0.28635677695274353;0.8605645895004272;0.2793983817100525;0.8771331310272217
0.27665719389915466;0.8665525913238525;0.2793763279914856;0.8771331310272217
0.28760090470314026;0.8631308674812317;0.2793499827384949;0.8771331310272217
0.2692689001560211;0.8742514848709106;0.27930229902267456;0.8771331310272217
0.29203104972839355;0.8597091436386108;0.27925559878349304;0.8771331310272217
0.2777750492095947;0.8733960390090942;0.27917420864105225;0.8771331310272217
0.2875325083732605;0.8614200353622437;0.2791295647621155;0.8771331310272217
0.27670058608055115;0.8810949325561523;0.2790535092353821;0.8771331310272217
0.2737216353416443;0.8819503784179688;0.2789972126483917;0.8771331310272217
0.2681695818901062;0.8887938261032104;0.2789634168148041;0.8771331310272217
0.28014394640922546;0.867408037185669;0.27890312671661377;0.8771331310272217
0.2726137042045593;0.8725406527519226;0.27883610129356384;0.8771331310272217
0.2755579352378845;0.8733960390090942;0.2787695527076721;0.8771331310272217
0.28520727157592773;0.8699743151664734;0.2786954939365387;0.8771331310272217
0.2814415395259857;0.8597091436386108;0.27863550186157227;0.8771331310272217
0.2806859314441681;0.8682634830474854;0.27854570746421814;0.8771331310272217
0.28097987174987793;0.8725406527519226;0.2785536050796509;0.8771331310272217
0.2709265947341919;0.875106930732727;0.27852165699005127;0.8771331310272217
0.2808128893375397;0.8716852068901062;0.2784861624240875;0.8771331310272217
0.2812251150608063;0.8682634830474854;0.27843502163887024;0.8771331310272217
0.266084760427475;0.8793841004371643;0.27837812900543213;0.8771331310272217
0.27107349038124084;0.8802395462989807;0.27835530042648315;0.8771331310272217
0.2742863595485687;0.8870829939842224;0.2782895267009735;0.8771331310272217
0.27394306659698486;0.8785286545753479;0.2782391607761383;0.8771331310272217
0.27019479870796204;0.8810949325561523;0.27815937995910645;0.8771331310272217
0.2759247124195099;0.875106930732727;0.27809709310531616;0.8771331310272217
0.27568602561950684;0.8708297610282898;0.2780386209487915;0.8771331310272217
0.2805716395378113;0.8699743151664734;0.27799996733665466;0.8771331310272217
0.25926095247268677;0.8759623765945435;0.2779063880443573;0.8771331310272217
0.28980931639671326;0.8571428656578064;0.277849406003952;0.8771331310272217
0.27431926131248474;0.8836612701416016;0.2777821719646454;0.8771331310272217
0.27018389105796814;0.8759623765945435;0.27772337198257446;0.8771331310272217
0.27488064765930176;0.8656972050666809;0.2776655852794647;0.8771331310272217
0.2805629074573517;0.8656972050666809;0.27765148878097534;0.8771331310272217
0.2718983590602875;0.8828058242797852;0.2775813341140747;0.8771331310272217
0.2730158865451813;0.8708297610282898;0.2775605618953705;0.8771331310272217
0.28431323170661926;0.8648417592048645;0.2775380611419678;0.8771331310272217
0.2747417092323303;0.8691189289093018;0.2774942219257355;0.8771331310272217
0.2730797529220581;0.8699743151664734;0.2774222791194916;0.8771331310272217
0.27271464467048645;0.887938380241394;0.2773611545562744;0.8771331310272217
0.27180472016334534;0.8810949325561523;0.2773015797138214;0.8771331310272217
0.2792603671550751;0.8725406527519226;0.27730366587638855;0.8771331310272217
0.2638874053955078;0.8810949325561523;0.2772296071052551;0.8771331310272217
0.274700403213501;0.8776732087135315;0.2771894931793213;0.8771331310272217
0.2819666266441345;0.8639863133430481;0.27714383602142334;0.8771331310272217
0.27277782559394836;0.8682634830474854;0.277096152305603;0.8771331310272217
0.26790228486061096;0.8759623765945435;0.27703332901000977;0.8771331310272217
0.26544615626335144;0.8810949325561523;0.2769547700881958;0.8771331310272217
0.27460816502571106;0.8793841004371643;0.27689969539642334;0.8771331310272217
0.2670619785785675;0.8768178224563599;0.27682584524154663;0.8771331310272217
0.28124114871025085;0.8691189289093018;0.27684763073921204;0.8771331310272217
0.26988929510116577;0.875106930732727;0.2767840325832367;0.8771331310272217
0.27879196405410767;0.8682634830474854;0.2767276167869568;0.8771331310272217
0.2670207619667053;0.8768178224563599;0.276706337928772;0.8771331310272217
0.26802584528923035;0.8776732087135315;0.27663764357566833;0.8771331310272217
0.26032528281211853;0.8819503784179688;0.27662232518196106;0.8771331310272217
0.26902827620506287;0.8691189289093018;0.2765864431858063;0.8771331310272217
0.2739314138889313;0.8785286545753479;0.2765251398086548;0.8771331310272217
0.27341175079345703;0.8716852068901062;0.2764866352081299;0.8771331310272217
0.2574552893638611;0.8793841004371643;0.2764231264591217;0.8771331310272217
0.27166271209716797;0.8699743151664734;0.2763584852218628;0.8771331310272217
0.282296746969223;0.867408037185669;0.27633610367774963;0.8771331310272217
0.264506071805954;0.8836612701416016;0.27628058195114136;0.8771331310272217
0.2719363570213318;0.8742514848709106;0.27624544501304626;0.8771331310272217
0.28161731362342834;0.8639863133430481;0.2762439250946045;0.8771331310272217
0.26382604241371155;0.8828058242797852;0.2762135863304138;0.8771331310272217
0.26125121116638184;0.886227548122406;0.27615028619766235;0.8771331310272217
0.27061131596565247;0.8828058242797852;0.2761240303516388;0.8771331310272217
0.2749476134777069;0.8682634830474854;0.2761215567588806;0.8771331310272217
0.2731691300868988;0.875106930732727;0.27611178159713745;0.8771331310272217
0.28034380078315735;0.8699743151664734;0.27605846524238586;0.8771331310272217
0.27690964937210083;0.8708297610282898;0.27601057291030884;0.8771331310272217
0.28265464305877686;0.8691189289093018;0.2759568989276886;0.8771331310272217
0.26774635910987854;0.8836612701416016;0.27590614557266235;0.8771331310272217
0.26982414722442627;0.8716852068901062;0.27593567967414856;0.8771331310272217
0.27185994386672974;0.8785286545753479;0.27589234709739685;0.8771331310272217
0.2672185003757477;0.875106930732727;0.27585262060165405;0.8771331310272217
0.27357062697410583;0.8682634830474854;0.2758161723613739;0.8771331310272217
0.2597902715206146;0.8819503784179688;0.2758343815803528;0.8771331310272217
0.27220797538757324;0.8708297610282898;0.2757513225078583;0.8771331310272217
0.2611599266529083;0.8810949325561523;0.27565863728523254;0.8771331310272217
0.2695695161819458;0.8733960390090942;0.2756505012512207;0.8771331310272217
0.2695825397968292;0.875106930732727;0.27561891078948975;0.8771331310272217
0.2774421274662018;0.8716852068901062;0.27560627460479736;0.8771331310272217
0.27251583337783813;0.8699743151664734;0.27562105655670166;0.8771331310272217
0.2546687126159668;0.8759623765945435;0.27558934688568115;0.8771331310272217
0.26984089612960815;0.8785286545753479;0.2755517363548279;0.8771331310272217
0.2689937353134155;0.8733960390090942;0.2755291759967804;0.8771331310272217
0.2705027461051941;0.8708297610282898;0.2755264937877655;0.8771331310272217
0.26046088337898254;0.8785286545753479;0.2755245566368103;0.8771331310272217
0.27423524856567383;0.867408037185669;0.27550315856933594;0.8771331310272217
0.27078548073768616;0.8708297610282898;0.2754809856414795;0.8771331310272217
0.2596637010574341;0.8793841004371643;0.2754252254962921;0.8771331310272217
0.27460384368896484;0.8742514848709106;0.27539339661598206;0.8771331310272217
0.2706138491630554;0.8708297610282898;0.2753913104534149;0.8771331310272217
0.2717725932598114;0.8768178224563599;0.27533969283103943;0.8771331310272217
0.2732156813144684;0.8691189289093018;0.2753222584724426;0.8771331310272217
0.2582095265388489;0.8819503784179688;0.2753004729747772;0.8771331310272217
0.26353010535240173;0.8733960390090942;0.2753089964389801;0.8771331310272217
0.27642256021499634;0.8682634830474854;0.2752608358860016;0.8771331310272217
0.27569863200187683;0.8691189289093018;0.27527177333831787;0.8771331310272217
0.2768113613128662;0.8725406527519226;0.27522996068000793;0.8771331310272217
0.2747359275817871;0.867408037185669;0.27516409754753113;0.8771331310272217
0.2677811086177826;0.8742514848709106;0.2751777768135071;0.8771331310272217
0.26716557145118713;0.8716852068901062;0.2751692235469818;0.8771331310272217
0.259802907705307;0.8853721022605896;0.2751236855983734;0.8771331310272217
0.26385584473609924;0.8810949325561523;0.27510568499565125;0.8771331310272217
0.259439617395401;0.8810949325561523;0.27507510781288147;0.8771331310272217
0.27557286620140076;0.8699743151664734;0.27503833174705505;0.8771331310272217
0.26674315333366394;0.8716852068901062;0.2750134766101837;0.8771331310272217
0.2690890431404114;0.875106930732727;0.27496862411499023;0.8771331310272217
0.27167171239852905;0.8742514848709106;0.2749346196651459;0.8771331310272217
0.2731360197067261;0.8716852068901062;0.27488377690315247;0.8771331310272217
0.2785884737968445;0.867408037185669;0.27486228942871094;0.8771331310272217
0.27336016297340393;0.8622754216194153;0.2748565375804901;0.8771331310272217
0.27350831031799316;0.8708297610282898;0.27483925223350525;0.8771331310272217
0.26536643505096436;0.8725406527519226;0.2747955024242401;0.8771331310272217
0.26437288522720337;0.8699743151664734;0.2748165726661682;0.8771331310272217
0.2745015323162079;0.8742514848709106;0.2748187184333801;0.8771331310272217
0.2548457980155945;0.8725406527519226;0.2747945487499237;0.8771331310272217
0.2472800463438034;0.8768178224563599;0.2747722864151001;0.8771331310272217
0.26833003759384155;0.8665525913238525;0.2747957706451416;0.8771331310272217
0.2652703821659088;0.8776732087135315;0.2747231721878052;0.8771331310272217
0.2693246603012085;0.8682634830474854;0.2746681869029999;0.8771331310272217
0.26678553223609924;0.8793841004371643;0.2746874690055847;0.8771331310272217
0.26696282625198364;0.8716852068901062;0.27470389008522034;0.8771331310272217
0.27597329020500183;0.8614200353622437;0.2746855318546295;0.8771331310272217
0.25540024042129517;0.8930709958076477;0.2745971977710724;0.8771331310272217
0.2547895610332489;0.8810949325561523;0.2745440602302551;0.8771331310272217
0.26232248544692993;0.875106930732727;0.2745124399662018;0.8771331310272217
0.2745150625705719;0.8725406527519226;0.27452200651168823;0.8771331310272217
0.27131572365760803;0.867408037185669;0.2745015621185303;0.8771331310272217
0.27690449357032776;0.8605645895004272;0.2744426727294922;0.8771331310272217
0.2681500017642975;0.8656972050666809;0.27439644932746887;0.8771331310272217
0.2635042369365692;0.8793841004371643;0.2743311822414398;0.8771331310272217
0.27021437883377075;0.8665525913238525;0.2743188142776489;0.8771331310272217
0.2538185119628906;0.8828058242797852;0.2742495834827423;0.8771331310272217
0.269511342048645;0.8742514848709106;0.2742416560649872;0.8771331310272217
0.2624954879283905;0.8810949325561523;0.2742633819580078;0.8771331310272217
0.26705291867256165;0.8682634830474854;0.2741667926311493;0.8771331310272217
0.2664441168308258;0.8708297610282898;0.2741708755493164;0.8771331310272217
0.27517762780189514;0.8639863133430481;0.2741595208644867;0.8771331310272217
0.25643444061279297;0.8802395462989807;0.27415138483047485;0.8771331310272217
0.2565777897834778;0.8768178224563599;0.27409127354621887;0.8771331310272217
0.27307048439979553;0.8699743151664734;0.27407410740852356;0.8771331310272217
0.26428401470184326;0.8742514848709106;0.27407580614089966;0.8771331310272217
0.26572611927986145;0.8622754216194153;0.2740193009376526;0.8771331310272217
0.2543712556362152;0.8759623765945435;0.2739931046962738;0.8771331310272217
0.2663510739803314;0.8819503784179688;0.27399522066116333;0.8771331310272217
0.2566477656364441;0.8785286545753479;0.2739778757095337;0.8771331310272217
0.26446640491485596;0.8656972050666809;0.27397429943084717;0.8771331310272217
0.25938811898231506;0.8793841004371643;0.2739807367324829;0.8771331310272217
0.27513667941093445;0.8682634830474854;0.273937463760376;0.8771331310272217
0.283627450466156;0.8725406527519226;0.2739129364490509;0.8771331310272217
0.2697078287601471;0.875106930732727;0.2738744616508484;0.8771331310272217
0.26722341775894165;0.8699743151664734;0.27384790778160095;0.8771331310272217
0.2622830867767334;0.8802395462989807;0.2738253176212311;0.8771331310272217
0.2600739002227783;0.8768178224563599;0.2737944424152374;0.8771331310272217
0.2615923583507538;0.8716852068901062;0.2737380266189575;0.8771331310272217
0.26649677753448486;0.8665525913238525;0.2737652063369751;0.8771331310272217
0.27054059505462646;0.8708297610282898;0.2737821936607361;0.8771331310272217
0.26317864656448364;0.867408037185669;0.27374908328056335;0.8771331310272217
0.2620900869369507;0.8699743151664734;0.2737887501716614;0.8771331310272217
0.2651236951351166;0.8793841004371643;0.27378299832344055;0.8771331310272217
0.25717100501060486;0.8810949325561523;0.2737357020378113;0.8771331310272217
0.2567753493785858;0.8810949325561523;0.27371492981910706;0.8771331310272217
0.26592785120010376;0.867408037185669;0.27369803190231323;0.8771331310272217
0.2700880467891693;0.8725406527519226;0.27366793155670166;0.8771331310272217
0.25921177864074707;0.8776732087135315;0.2736198902130127;0.8771331310272217
0.2618144750595093;0.8708297610282898;0.27360212802886963;0.8771331310272217
0.26069891452789307;0.8776732087135315;0.2735311686992645;0.8771331310272217
0.2668321132659912;0.8648417592048645;0.2735949158668518;0.8771331310272217
0.2652687430381775;0.8682634830474854;0.2735785245895386;0.8771331310272217
0.2650781571865082;0.8742514848709106;0.27356982231140137;0.8771331310272217
0.2637934684753418;0.8691189289093018;0.27352720499038696;0.8771331310272217
0.2661650776863098;0.8656972050666809;0.2734922766685486;0.8771331310272217
0.26411736011505127;0.8819503784179688;0.27344363927841187;0.8771331310272217
0.26922258734703064;0.8639863133430481;0.27339988946914673;0.8771331310272217
0.2625739872455597;0.8665525913238525;0.2734188735485077;0.8771331310272217
0.2545969486236572;0.8870829939842224;0.2733999788761139;0.8771331310272217
0.2611258029937744;0.8733960390090942;0.2733410894870758;0.8771331310272217
0.25821489095687866;0.8810949325561523;0.2733270525932312;0.8771331310272217
0.2641192376613617;0.8708297610282898;0.2732979655265808;0.8771331310272217
0.26524075865745544;0.875106930732727;0.27327606081962585;0.8771331310272217
0.24921691417694092;0.8845166563987732;0.27321866154670715;0.8771331310272217
0.25187742710113525;0.8922155499458313;0.27319931983947754;0.8771331310272217
0.25395822525024414;0.8819503784179688;0.27313411235809326;0.8771331310272217
0.26764562726020813;0.8699743151664734;0.2731088101863861;0.8771331310272217
0.25832849740982056;0.8828058242797852;0.2731117606163025;0.8771331310272217
0.27034443616867065;0.875106930732727;0.27312302589416504;0.8771331310272217
0.2573869228363037;0.8776732087135315;0.2731128931045532;0.8771331310272217
0.26387375593185425;0.8742514848709106;0.27308207750320435;0.8771331310272217
0.2535398006439209;0.8785286545753479;0.27308377623558044;0.8771331310272217
0.2663113474845886;0.8656972050666809;0.27308332920074463;0.8771331310272217
0.2557247281074524;0.8845166563987732;0.2730323374271393;0.8771331310272217
0.25529760122299194;0.887938380241394;0.27300867438316345;0.8771331310272217
0.26593539118766785;0.8776732087135315;0.2729717493057251;0.8771331310272217
0.267330527305603;0.8776732087135315;0.27291038632392883;0.8771331310272217
0.2490684688091278;0.8742514848709106;0.27285847067832947;0.8771331310272217
0.2634287476539612;0.8759623765945435;0.2728050649166107;0.8771331310272217
0.2617248594760895;0.8716852068901062;0.2728082835674286;0.8771331310272217
0.28006958961486816;0.8665525913238525;0.2728450894355774;0.8771331310272217
0.25189387798309326;0.8810949325561523;0.2727794051170349;0.8771331310272217
0.25566595792770386;0.8776732087135315;0.2727762758731842;0.8771331310272217
0.24687734246253967;0.8733960390090942;0.27274560928344727;0.8771331310272217
0.25631260871887207;0.8648417592048645;0.2727137506008148;0.8771331310272217
0.2574654817581177;0.8725406527519226;0.27266260981559753;0.8771331310272217
0.2696404755115509;0.8579983115196228;0.27266761660575867;0.8771331310272217
0.26190921664237976;0.8716852068901062;0.27264532446861267;0.8771331310272217
0.2631029486656189;0.8682634830474854;0.2725979685783386;0.8771331310272217
0.2514283359050751;0.8802395462989807;0.27255693078041077;0.8771331310272217
0.257937490940094;0.8785286545753479;0.27257123589515686;0.8771331310272217
0.256361186504364;0.8776732087135315;0.27256467938423157;0.8771331310272217
0.26713818311691284;0.875106930732727;0.27259495854377747;0.8771331310272217
0.2587098777294159;0.8828058242797852;0.27259013056755066;0.8771331310272217
0.2604219615459442;0.875106930732727;0.2725635766983032;0.8771331310272217
0.2551933825016022;0.8725406527519226;0.2725411057472229;0.8771331310272217
0.25791841745376587;0.8828058242797852;0.2725304961204529;0.8771331310272217
0.25270190834999084;0.8828058242797852;0.27248913049697876;0.8771331310272217
0.2631819546222687;0.8785286545753479;0.2724228799343109;0.8771331310272217
0.2602492570877075;0.8733960390090942;0.27245739102363586;0.8771331310272217
0.26066792011260986;0.8742514848709106;0.27242082357406616;0.8771331310272217
0.26062190532684326;0.8759623765945435;0.27240169048309326;0.8771331310272217
0.263886034488678;0.8733960390090942;0.2724268138408661;0.8771331310272217
0.2805432081222534;0.8699743151664734;0.2724165618419647;0.8771331310272217
0.2435731589794159;0.8836612701416016;0.27240654826164246;0.8771331310272217
0.2595168352127075;0.8742514848709106;0.272452175617218;0.8771331310272217
0.2680515646934509;0.8597091436386108;0.2724548578262329;0.8771331310272217
0.25280633568763733;0.8836612701416016;0.2724068760871887;0.8771331310272217
0.2551862895488739;0.8810949325561523;0.27229389548301697;0.8771331310272217
0.2529287338256836;0.8716852068901062;0.2722967267036438;0.8771331310272217
0.26543158292770386;0.8768178224563599;0.2722988426685333;0.8771331310272217
0.25209927558898926;0.8828058242797852;0.272259920835495;0.8771331310272217
0.25668710470199585;0.8845166563987732;0.27221426367759705;0.8771331310272217
0.25177663564682007;0.8819503784179688;0.2722661793231964;0.8771331310272217
0.26051458716392517;0.8768178224563599;0.2722424566745758;0.8771331310272217
0.24600598216056824;0.8845166563987732;0.27220240235328674;0.8771331310272217
0.2641175389289856;0.8716852068901062;0.2721821069717407;0.8771331310272217
0.2511105239391327;0.8828058242797852;0.2721531391143799;0.8771331310272217
0.2738798260688782;0.867408037185669;0.2721647620201111;0.8771331310272217
0.26299208402633667;0.8648417592048645;0.27220314741134644;0.8771331310272217
0.2640031576156616;0.8776732087135315;0.27206695079803467;0.8771331310272217
0.2674127519130707;0.875106930732727;0.27203428745269775;0.8771331310272217
0.26770278811454773;0.8665525913238525;0.2720693051815033;0.8771331310272217
0.26200947165489197;0.8708297610282898;0.27201607823371887;0.8771331310272217
0.26253557205200195;0.8742514848709106;0.2720082998275757;0.8771331310272217
0.26979443430900574;0.8768178224563599;0.27195143699645996;0.8771331310272217
0.2557268440723419;0.8845166563987732;0.27194854617118835;0.8771331310272217
0.2658903896808624;0.8699743151664734;0.2719489634037018;0.8771331310272217
0.26720482110977173;0.8768178224563599;0.27192845940589905;0.8771331310272217
0.2567080557346344;0.8793841004371643;0.271872341632843;0.8771331310272217
0.2481997311115265;0.886227548122406;0.2718806862831116;0.8771331310272217
0.25013262033462524;0.8733960390090942;0.27187925577163696;0.8771331310272217
0.25526928901672363;0.8759623765945435;0.2718912959098816;0.8771331310272217
0.26014822721481323;0.8716852068901062;0.27184316515922546;0.8771331310272217
0.2779543399810791;0.8682634830474854;0.27180215716362;0.8771331310272217
0.2648402452468872;0.8691189289093018;0.27182212471961975;0.8771331310272217
0.2607510983943939;0.8639863133430481;0.2717876732349396;0.8771331310272217
0.2645418047904968;0.8725406527519226;0.27181288599967957;0.8771331310272217
0.27047207951545715;0.8648417592048645;0.2718217372894287;0.8771331310272217
0.2534911632537842;0.8845166563987732;0.27176225185394287;0.8771331310272217
0.2610030770301819;0.8725406527519226;0.27177515625953674;0.8771331310272217
0.264913946390152;0.8682634830474854;0.2718580663204193;0.8771331310272217
0.2587777078151703;0.8853721022605896;0.27180495858192444;0.8771331310272217
0.24765309691429138;0.8810949325561523;0.2718008756637573;0.8771331310272217
0.2662981152534485;0.8648417592048645;0.27185437083244324;0.8771331310272217
0.260944664478302;0.8768178224563599;0.27181771397590637;0.8771331310272217
0.2464752346277237;0.8819503784179688;0.2718161940574646;0.8771331310272217
0.2531272768974304;0.8768178224563599;0.27183353900909424;0.8771331310272217
0.26726052165031433;0.8708297610282898;0.2717694342136383;0.8771331310272217
0.2531304955482483;0.8793841004371643;0.2718088626861572;0.8771331310272217
0.26004818081855774;0.8776732087135315;0.27174144983291626;0.8771331310272217
0.26094186305999756;0.875106930732727;0.2716560661792755;0.8771331310272217
0.24881429970264435;0.8853721022605896;0.27168008685112;0.8771331310272217
0.2604362964630127;0.875106930732727;0.2716490924358368;0.8771331310272217
0.25786060094833374;0.8785286545753479;0.2715989053249359;0.8771331310272217
0.2584395408630371;0.875106930732727;0.2716693580150604;0.8771331310272217
0.24769183993339539;0.8896492719650269;0.2716386020183563;0.8771331310272217
0.2532820701599121;0.8776732087135315;0.27158212661743164;0.8771331310272217
0.26808735728263855;0.8691189289093018;0.2715223729610443;0.8771331310272217
0.255445659160614;0.8725406527519226;0.27149978280067444;0.8771331310272217
0.260875940322876;0.875106930732727;0.2714523673057556;0.8805460929870605
0.2748410999774933;0.8699743151664734;0.27139005064964294;0.8805460929870605
0.2577260732650757;0.8725406527519226;0.2714243531227112;0.8805460929870605
0.23436789214611053;0.886227548122406;0.27135589718818665;0.8805460929870605
0.26495328545570374;0.8733960390090942;0.2713001072406769;0.8805460929870605
0.2620829939842224;0.8742514848709106;0.27128544449806213;0.8805460929870605
0.25895845890045166;0.8725406527519226;0.2712329626083374;0.8805460929870605
0.2630253732204437;0.8648417592048645;0.2712559401988983;0.8805460929870605
0.23895741999149323;0.8947818875312805;0.27125564217567444;0.8805460929870605
0.25605833530426025;0.8759623765945435;0.2712050676345825;0.8805460929870605
0.24138209223747253;0.887938380241394;0.2712186872959137;0.8805460929870605
0.25621193647384644;0.8691189289093018;0.2711826264858246;0.8805460929870605
0.26150810718536377;0.867408037185669;0.27116090059280396;0.8805460929870605
0.2585316002368927;0.8733960390090942;0.2711542546749115;0.8805460929870605
0.2503715753555298;0.8785286545753479;0.27118590474128723;0.8805460929870605
0.25171083211898804;0.8836612701416016;0.2712084650993347;0.8805460929870605
0.2516145706176758;0.8819503784179688;0.2712574899196625;0.8805460929870605
0.2532520294189453;0.8768178224563599;0.27127474546432495;0.8805460929870605
0.25094127655029297;0.8776732087135315;0.2712966501712799;0.8805460929870605
0.26121726632118225;0.8699743151664734;0.27130043506622314;0.8805460929870605
0.2506411075592041;0.8802395462989807;0.2712993025779724;0.8805460929870605
0.24715745449066162;0.8810949325561523;0.2712230980396271;0.8805460929870605
0.24698024988174438;0.8776732087135315;0.2712171971797943;0.8805460929870605
0.2388494461774826;0.8785286545753479;0.2712255120277405;0.8805460929870605
0.2528850734233856;0.8776732087135315;0.27121996879577637;0.8805460929870605
0.249726802110672;0.875106930732727;0.2711893618106842;0.8805460929870605
0.26471951603889465;0.8742514848709106;0.27115651965141296;0.8805460929870605
0.2657729983329773;0.8759623765945435;0.2711208164691925;0.8805460929870605
0.2674029469490051;0.8699743151664734;0.27110573649406433;0.8805460929870605
0.26663827896118164;0.8725406527519226;0.27108660340309143;0.8805460929870605
0.25472280383110046;0.8708297610282898;0.27106282114982605;0.8805460929870605
0.23918907344341278;0.8845166563987732;0.27104124426841736;0.8805460929870605
0.2573869824409485;0.8870829939842224;0.271022230386734;0.8805460929870605
0.2534089684486389;0.8733960390090942;0.2709949016571045;0.8805460929870605
0.25430282950401306;0.8853721022605896;0.27102094888687134;0.8805460929870605
0.2605697810649872;0.867408037185669;0.2709191143512726;0.8805460929870605
0.27072668075561523;0.8708297610282898;0.2708844244480133;0.8805460929870605
0.2497551292181015;0.8802395462989807;0.2709174156188965;0.8805460929870605
0.2546560764312744;0.8776732087135315;0.2709343433380127;0.8805460929870605
0.25105220079421997;0.8828058242797852;0.2709411084651947;0.8805460929870605
0.2743557095527649;0.8631308674812317;0.27093783020973206;0.8805460929870605
0.2558441162109375;0.8802395462989807;0.2709392011165619;0.8805460929870605
0.2394845336675644;0.8887938261032104;0.2709119915962219;0.8805460929870605
0.2592609226703644;0.8802395462989807;0.2709435224533081;0.8805460929870605
0.2531539797782898;0.875106930732727;0.270862340927124;0.8805460929870605
0.2647552192211151;0.8691189289093018;0.2708624005317688;0.8805460929870605
0.2481459230184555;0.8785286545753479;0.2708832025527954;0.8805460929870605
0.25485554337501526;0.8708297610282898;0.27086153626441956;0.8805460929870605
0.24472640454769135;0.8939264416694641;0.2708361744880676;0.8805460929870605
0.2574818432331085;0.8759623765945435;0.27083611488342285;0.8805460929870605
0.2562483847141266;0.8759623765945435;0.27080440521240234;0.8805460929870605
0.257182240486145;0.8725406527519226;0.2708427906036377;0.8805460929870605
0.24663175642490387;0.8819503784179688;0.2707885205745697;0.8805460929870605
0.25313982367515564;0.8742514848709106;0.2707127034664154;0.8771331310272217
0.2577727138996124;0.875106930732727;0.2707369923591614;0.8805460929870605
0.24298889935016632;0.8819503784179688;0.2707217335700989;0.8805460929870605
0.27265530824661255;0.8691189289093018;0.2707270681858063;0.8805460929870605
0.25477728247642517;0.886227548122406;0.27071672677993774;0.8805460929870605
0.2438679039478302;0.8828058242797852;0.2707501947879791;0.8805460929870605
0.25266891717910767;0.875106930732727;0.27073660492897034;0.8805460929870605
0.2576459050178528;0.8682634830474854;0.2707471549510956;0.8805460929870605
0.2487936019897461;0.8725406527519226;0.2707708477973938;0.8805460929870605
0.2520696222782135;0.8699743151664734;0.2707550823688507;0.8805460929870605
0.2418355643749237;0.8810949325561523;0.27074143290519714;0.8805460929870605
0.24455928802490234;0.8845166563987732;0.2707494795322418;0.8805460929870605
0.24850356578826904;0.8776732087135315;0.2707279622554779;0.8805460929870605
0.2563222050666809;0.8733960390090942;0.27069056034088135;0.8805460929870605
0.2525249123573303;0.867408037185669;0.27067169547080994;0.8805460929870605
0.25482791662216187;0.8759623765945435;0.27066296339035034;0.8805460929870605
0.2505580186843872;0.8733960390090942;0.27069979906082153;0.8771331310272217
0.25063008069992065;0.8716852068901062;0.27072104811668396;0.8805460929870605
0.2601047456264496;0.8819503784179688;0.27070462703704834;0.8805460929870605
0.24550992250442505;0.8802395462989807;0.2707477807998657;0.8805460929870605
0.2568792402744293;0.8785286545753479;0.2706412374973297;0.8771331310272217
0.2572874426841736;0.8819503784179688;0.27067217230796814;0.8805460929870605
0.2580481469631195;0.8733960390090942;0.27059870958328247;0.8771331310272217
0.24651697278022766;0.8793841004371643;0.2706226706504822;0.8771331310272217
0.264600932598114;0.8759623765945435;0.2705874741077423;0.8805460929870605
0.2558668255805969;0.8810949325561523;0.2706252634525299;0.8771331310272217
0.24398599565029144;0.8870829939842224;0.27054089307785034;0.8805460929870605
0.25055772066116333;0.8785286545753479;0.27054786682128906;0.8771331310272217
0.26224207878112793;0.867408037185669;0.2705996632575989;0.8771331310272217
0.2595999836921692;0.8708297610282898;0.2705596685409546;0.8771331310272217
0.25972533226013184;0.8759623765945435;0.2705535888671875;0.8805460929870605
0.23129984736442566;0.8913601636886597;0.2706122100353241;0.8771331310272217
0.24847641587257385;0.8742514848709106;0.2706319987773895;0.8805460929870605
0.25446128845214844;0.875106930732727;0.27064529061317444;0.8805460929870605
0.2620998024940491;0.8691189289093018;0.2706727385520935;0.8805460929870605
0.2614637017250061;0.8691189289093018;0.2706068754196167;0.8805460929870605
0.25059714913368225;0.8887938261032104;0.27056580781936646;0.8771331310272217
0.2525343596935272;0.8836612701416016;0.27056437730789185;0.8771331310272217
0.2495579719543457;0.8768178224563599;0.27054935693740845;0.8771331310272217
0.2494463175535202;0.8699743151664734;0.27045369148254395;0.8805460929870605
0.24840350449085236;0.8742514848709106;0.27049002051353455;0.8805460929870605
0.2543937861919403;0.8819503784179688;0.27042853832244873;0.8805460929870605
0.26421666145324707;0.8648417592048645;0.2703889310359955;0.8805460929870605
0.25015056133270264;0.8768178224563599;0.27037501335144043;0.8805460929870605
0.25135672092437744;0.8725406527519226;0.2703664302825928;0.8805460929870605
0.2506200671195984;0.8785286545753479;0.2703225910663605;0.8805460929870605
0.26195627450942993;0.8648417592048645;0.2703181505203247;0.8805460929870605
0.25674203038215637;0.8725406527519226;0.27030104398727417;0.8805460929870605
0.26050466299057007;0.8785286545753479;0.27025923132896423;0.8805460929870605
0.2554875910282135;0.8733960390090942;0.27023884654045105;0.8805460929870605
0.2540294826030731;0.8793841004371643;0.27024543285369873;0.8805460929870605
0.24592460691928864;0.8776732087135315;0.2702394425868988;0.8805460929870605
0.25488924980163574;0.8810949325561523;0.27024006843566895;0.8805460929870605
0.24868673086166382;0.8819503784179688;0.2702314853668213;0.8805460929870605
0.2570526599884033;0.8776732087135315;0.2702111303806305;0.8805460929870605
0.2533194422721863;0.8725406527519226;0.27024251222610474;0.8805460929870605
0.24933065474033356;0.8768178224563599;0.2702089250087738;0.8805460929870605
0.24474431574344635;0.8742514848709106;0.27024954557418823;0.8805460929870605
0.2597782611846924;0.8648417592048645;0.2702178657054901;0.8805460929870605
0.2594592869281769;0.8725406527519226;0.27019810676574707;0.8805460929870605
0.24475142359733582;0.8725406527519226;0.27018386125564575;0.8805460929870605
0.2631971538066864;0.8622754216194153;0.27019640803337097;0.8805460929870605
0.25503140687942505;0.8665525913238525;0.2702125012874603;0.8805460929870605
0.2664143443107605;0.8648417592048645;0.2702229619026184;0.8805460929870605
0.25500693917274475;0.8742514848709106;0.2701853811740875;0.8805460929870605
0.24707385897636414;0.8733960390090942;0.27019572257995605;0.8805460929870605
0.24314811825752258;0.8725406527519226;0.27025049924850464;0.8805460929870605
0.2550812363624573;0.875106930732727;0.2702687382698059;0.8805460929870605
0.2544642388820648;0.8836612701416016;0.2702093720436096;0.8805460929870605
0.2579796314239502;0.8793841004371643;0.2702169716358185;0.8805460929870605
0.2587146759033203;0.8742514848709106;0.27020272612571716;0.8805460929870605
0.23511283099651337;0.886227548122406;0.2702057957649231;0.8805460929870605
0.25864848494529724;0.8691189289093018;0.2702335715293884;0.8805460929870605
0.2677628695964813;0.8699743151664734;0.2701598107814789;0.8805460929870605
0.24877169728279114;0.8828058242797852;0.27011117339134216;0.8805460929870605
0.2564604580402374;0.8716852068901062;0.27009010314941406;0.8805460929870605
0.2555614113807678;0.8776732087135315;0.27005714178085327;0.8805460929870605
0.26305291056632996;0.875106930732727;0.2700097858905792;0.8805460929870605
0.25647249817848206;0.8725406527519226;0.27001237869262695;0.8805460929870605
0.25409960746765137;0.875106930732727;0.2699836492538452;0.8805460929870605
0.2483861744403839;0.8725406527519226;0.2699888050556183;0.8805460929870605
0.24085979163646698;0.8614200353622437;0.2699818015098572;0.8805460929870605
0.25646257400512695;0.8708297610282898;0.26997387409210205;0.8805460929870605
0.2505853772163391;0.875106930732727;0.2699817717075348;0.8805460929870605
0.25003406405448914;0.8733960390090942;0.269957035779953;0.8805460929870605
0.25049230456352234;0.8810949325561523;0.26993879675865173;0.8805460929870605
0.24086017906665802;0.8853721022605896;0.26991066336631775;0.8805460929870605
0.24399587512016296;0.8810949325561523;0.26995518803596497;0.8805460929870605
0.2558557987213135;0.8802395462989807;0.27001696825027466;0.8805460929870605
0.2575172185897827;0.8853721022605896;0.27004146575927734;0.8805460929870605
0.24485363066196442;0.8836612701416016;0.27003854513168335;0.8805460929870605
0.2604694962501526;0.8699743151664734;0.2700321078300476;0.8805460929870605
0.25863543152809143;0.8699743151664734;0.2699791491031647;0.8805460929870605
0.25412997603416443;0.8639863133430481;0.2699407935142517;0.8805460929870605
0.2523318827152252;0.875106930732727;0.26992687582969666;0.8805460929870605
0.25943002104759216;0.8742514848709106;0.26987990736961365;0.8805460929870605
0.2620181441307068;0.8733960390090942;0.26991188526153564;0.8805460929870605
0.2559346854686737;0.8785286545753479;0.2698390483856201;0.8805460929870605
0.25866279006004333;0.8639863133430481;0.2697964906692505;0.8805460929870605
0.244456484913826;0.8725406527519226;0.2697308361530304;0.8805460929870605
0.24633215367794037;0.8828058242797852;0.2697204351425171;0.8805460929870605
0.2505142390727997;0.8810949325561523;0.2697336971759796;0.8805460929870605
0.2492423802614212;0.8742514848709106;0.2696933448314667;0.8805460929870605
0.2620600163936615;0.8733960390090942;0.26967939734458923;0.8805460929870605
0.2539103031158447;0.8716852068901062;0.2697088420391083;0.8805460929870605
0.26149797439575195;0.8768178224563599;0.26968854665756226;0.8805460929870605
0.23683810234069824;0.8793841004371643;0.26969045400619507;0.8805460929870605
0.258277952671051;0.8733960390090942;0.2696666121482849;0.8805460929870605
0.2679314911365509;0.8631308674812317;0.26961323618888855;0.8805460929870605
0.24308939278125763;0.8896492719650269;0.2696453928947449;0.8805460929870605
0.25556066632270813;0.8742514848709106;0.26960185170173645;0.8805460929870605
0.2593876123428345;0.8725406527519226;0.26958736777305603;0.8805460929870605
0.2537281811237335;0.8785286545753479;0.26956993341445923;0.8805460929870605
0.24181810021400452;0.8793841004371643;0.26954132318496704;0.8805460929870605
0.24669091403484344;0.8648417592048645;0.26955822110176086;0.8805460929870605
0.256233811378479;0.8776732087135315;0.2695203125476837;0.8805460929870605
0.25851568579673767;0.8631308674812317;0.26946818828582764;0.8805460929870605
0.24155451357364655;0.8768178224563599;0.26952189207077026;0.8805460929870605
0.2648369073867798;0.8648417592048645;0.2694873809814453;0.8805460929870605
0.2515904903411865;0.8759623765945435;0.26946768164634705;0.8805460929870605
0.2661162316799164;0.8725406527519226;0.2694500684738159;0.8805460929870605
0.24058371782302856;0.8819503784179688;0.2694547176361084;0.8805460929870605
0.25322845578193665;0.8828058242797852;0.26945358514785767;0.8805460929870605
0.23797278106212616;0.8785286545753479;0.26945745944976807;0.8805460929870605
0.2486790269613266;0.887938380241394;0.2694198489189148;0.8805460929870605
0.2517624795436859;0.8853721022605896;0.26938092708587646;0.8805460929870605
0.251921147108078;0.8699743151664734;0.2693912982940674;0.8805460929870605
0.24909499287605286;0.8742514848709106;0.26934006810188293;0.8805460929870605
0.25649088621139526;0.8793841004371643;0.2693677544593811;0.8805460929870605
0.25382235646247864;0.8810949325561523;0.2693459093570709;0.8805460929870605
0.24534493684768677;0.8768178224563599;0.26932328939437866;0.8805460929870605
0.250540167093277;0.8776732087135315;0.26932427287101746;0.8805460929870605
0.25064224004745483;0.8853721022605896;0.2692951261997223;0.8805460929870605
0.2582438886165619;0.8691189289093018;0.2692676782608032;0.8805460929870605
0.23403555154800415;0.8802395462989807;0.26932668685913086;0.8805460929870605
0.2520618736743927;0.8622754216194153;0.2692851424217224;0.8805460929870605
0.25334835052490234;0.8699743151664734;0.26930180191993713;0.8805460929870605
0.24766580760478973;0.8810949325561523;0.26932525634765625;0.8805460929870605
0.24994976818561554;0.8802395462989807;0.2692958116531372;0.8805460929870605
0.25799989700317383;0.8793841004371643;0.26926109194755554;0.8805460929870605
0.24010688066482544;0.8802395462989807;0.26927682757377625;0.8805460929870605
0.24442188441753387;0.8836612701416016;0.2692141532897949;0.8805460929870605
0.26208001375198364;0.8665525913238525;0.2692131996154785;0.8805460929870605
0.2537602186203003;0.8708297610282898;0.2692119777202606;0.8805460929870605
0.2624559700489044;0.8716852068901062;0.2691877484321594;0.8805460929870605
0.2547518014907837;0.8828058242797852;0.26918211579322815;0.8805460929870605
0.25002413988113403;0.8802395462989807;0.2691536247730255;0.8805460929870605
0.2526302933692932;0.8716852068901062;0.2691507041454315;0.8805460929870605
0.2433466762304306;0.8828058242797852;0.2690955400466919;0.8805460929870605
0.2529822289943695;0.8776732087135315;0.26907119154930115;0.8805460929870605
0.24976998567581177;0.8733960390090942;0.26906877756118774;0.8805460929870605
0.24702833592891693;0.8733960390090942;0.2690299451351166;0.8805460929870605
0.23196066915988922;0.8776732087135315;0.269051730632782;0.8805460929870605
0.2373192310333252;0.8768178224563599;0.26909199357032776;0.8805460929870605
0.25157055258750916;0.8691189289093018;0.2691333591938019;0.8805460929870605
0.2563993036746979;0.8742514848709106;0.2691155672073364;0.8805460929870605
0.24747516214847565;0.8819503784179688;0.26913726329803467;0.8805460929870605
0.22966383397579193;0.8845166563987732;0.2691487669944763;0.8805460929870605
0.25402212142944336;0.8648417592048645;0.26912277936935425;0.8805460929870605
0.24617739021778107;0.8768178224563599;0.26912134885787964;0.8805460929870605
0.24763716757297516;0.8853721022605896;0.2691308259963989;0.8805460929870605
0.24259991943836212;0.8836612701416016;0.2691062092781067;0.8805460929870605
0.2501808702945709;0.8836612701416016;0.26910823583602905;0.8805460929870605
0.2388370931148529;0.875106930732727;0.2691330909729004;0.8805460929870605
0.2618790566921234;0.8682634830474854;0.269096314907074;0.8805460929870605
0.25700679421424866;0.8656972050666809;0.26914024353027344;0.8805460929870605
0.24715565145015717;0.8836612701416016;0.269170343875885;0.8805460929870605
0.2373288869857788;0.8785286545753479;0.269161581993103;0.8805460929870605
0.25147393345832825;0.8819503784179688;0.2691937983036041;0.8805460929870605
0.2508113384246826;0.8759623765945435;0.2691378891468048;0.8805460929870605
0.24077236652374268;0.8887938261032104;0.2691335678100586;0.8805460929870605
0.23506523668766022;0.8930709958076477;0.26911184191703796;0.8805460929870605
